{
	"Version": 3,
	"Meta": {
		"Duration": 3.75,
		"Fps": 60.0,
		"Loop": true,
		"AreBeziersRestricted": false,
		"CurveCount": 7,
		"TotalSegmentCount": 21,
		"TotalPointCount": 54,
		"UserDataCount": 0,
		"TotalUserDataSize": 0
	},
	"Curves": [
		{
			"Target": "Parameter",
			"Id": "ParamMoH",
			"Segments": [
				0,
				0,
				0,
				0.25,
				0,
				1,
				0.35,
				0,
				0.45,
				-1,
				0.55,
				-1,
				1,
				0.561,
				-1,
				0.572,
				-1,
				0.583,
				-1,
				1,
				0.722,
				-1,
				0.861,
				1,
				1,
				1,
				1,
				1.011,
				1,
				1.022,
				1,
				1.033,
				1,
				1,
				1.161,
				1,
				1.289,
				-1,
				1.417,
				-1,
				1,
				1.428,
				-1,
				1.439,
				-1,
				1.45,
				-1,
				1,
				1.578,
				-1,
				1.706,
				1,
				1.833,
				1,
				1,
				1.844,
				1,
				1.856,
				1,
				1.867,
				1,
				1,
				1.994,
				1,
				2.122,
				-1,
				2.25,
				-1,
				1,
				2.261,
				-1,
				2.272,
				-1,
				2.283,
				-1,
				1,
				2.411,
				-1,
				2.539,
				1,
				2.667,
				1,
				1,
				2.678,
				1,
				2.689,
				1,
				2.7,
				1,
				1,
				2.828,
				1,
				2.956,
				0,
				3.083,
				0,
				0,
				3.75,
				0
			]
		},
		{
			"Target": "Parameter",
			"Id": "ParamMoH2",
			"Segments": [
				0,
				1,
				0,
				3.75,
				1
			]
		},
		{
			"Target": "Parameter",
			"Id": "ParamMoH5",
			"Segments": [
				0,
				1,
				0,
				3.75,
				1
			]
		},
		{
			"Target": "Parameter",
			"Id": "ParamLoopControllerL1",
			"Segments": [
				0,
				0,
				0,
				3.75,
				0
			]
		},
		{
			"Target": "Parameter",
			"Id": "ParamLoopControllerL2",
			"Segments": [
				0,
				0,
				0,
				3.75,
				0
			]
		},
		{
			"Target": "Parameter",
			"Id": "ParamLoopControllerR1",
			"Segments": [
				0,
				0,
				0,
				3.75,
				0
			]
		},
		{
			"Target": "Parameter",
			"Id": "ParamLoopControllerR2",
			"Segments": [
				0,
				0,
				0,
				3.75,
				0
			]
		}
	]
}