{
	"Version": 3,
	"Meta": {
		"Duration": 4.5,
		"Fps": 60.0,
		"Loop": true,
		"AreBeziersRestricted": false,
		"CurveCount": 6,
		"TotalSegmentCount": 36,
		"TotalPointCount": 100,
		"UserDataCount": 0,
		"TotalUserDataSize": 0
	},
	"Curves": [
		{
			"Target": "Parameter",
			"Id": "ParamMoH",
			"Segments": [
				0,
				-1,
				0,
				1.283,
				-1,
				1,
				1.311,
				-1,
				1.339,
				-1,
				1.367,
				-1,
				0,
				4.5,
				-1
			]
		},
		{
			"Target": "Parameter",
			"Id": "ParamLoopControllerL1",
			"Segments": [
				0,
				1,
				1,
				0.083,
				1,
				0.167,
				1,
				0.25,
				1,
				1,
				0.283,
				1,
				0.317,
				0,
				0.35,
				0,
				1,
				0.361,
				0,
				0.372,
				0,
				0.383,
				0,
				1,
				0.417,
				0,
				0.45,
				1,
				0.483,
				1,
				0,
				4.5,
				1
			]
		},
		{
			"Target": "Parameter",
			"Id": "ParamLoopControllerL2",
			"Segments": [
				0,
				1,
				1,
				0.417,
				1,
				0.833,
				1,
				1.25,
				1,
				1,
				1.283,
				1,
				1.317,
				0,
				1.35,
				0,
				1,
				1.361,
				0,
				1.372,
				0,
				1.383,
				0,
				1,
				1.417,
				0,
				1.45,
				1,
				1.483,
				1,
				1,
				2.078,
				1,
				2.672,
				1,
				3.267,
				1,
				1,
				3.3,
				1,
				3.333,
				0,
				3.367,
				0,
				1,
				3.378,
				0,
				3.389,
				0,
				3.4,
				0,
				1,
				3.433,
				0,
				3.467,
				1,
				3.5,
				1,
				0,
				4.5,
				1
			]
		},
		{
			"Target": "Parameter",
			"Id": "ParamLoopControllerR1",
			"Segments": [
				0,
				1,
				1,
				1.217,
				1,
				2.433,
				1,
				3.65,
				1,
				1,
				3.683,
				1,
				3.717,
				0,
				3.75,
				0,
				1,
				3.761,
				0,
				3.772,
				0,
				3.783,
				0,
				1,
				3.817,
				0,
				3.85,
				1,
				3.883,
				1,
				0,
				4.5,
				1
			]
		},
		{
			"Target": "Parameter",
			"Id": "ParamLoopControllerR2",
			"Segments": [
				0,
				1,
				1,
				0.183,
				1,
				0.367,
				1,
				0.55,
				1,
				1,
				0.583,
				1,
				0.617,
				0,
				0.65,
				0,
				1,
				0.661,
				0,
				0.672,
				0,
				0.683,
				0,
				1,
				0.717,
				0,
				0.75,
				1,
				0.783,
				1,
				1,
				1.206,
				1,
				1.628,
				1,
				2.05,
				1,
				1,
				2.083,
				1,
				2.117,
				0,
				2.15,
				0,
				1,
				2.161,
				0,
				2.172,
				0,
				2.183,
				0,
				1,
				2.217,
				0,
				2.25,
				1,
				2.283,
				1,
				1,
				2.428,
				1,
				2.572,
				1,
				2.717,
				1,
				1,
				2.75,
				1,
				2.783,
				0,
				2.817,
				0,
				1,
				2.828,
				0,
				2.839,
				0,
				2.85,
				0,
				1,
				2.883,
				0,
				2.917,
				1,
				2.95,
				1,
				0,
				4.5,
				1
			]
		},
		{
			"Target": "Parameter",
			"Id": "ParamLoopGrgrEye2",
			"Segments": [
				0,
				0,
				0,
				4.5,
				2
			]
		}
	]
}