{
	"Version": 3,
	"Parameters": [
		{
			"Id": "ParamAngleX",
			"GroupId": "",
			"Name": "角度 X"
		},
		{
			"Id": "ParamAngleY",
			"GroupId": "",
			"Name": "角度 Y"
		},
		{
			"Id": "ParamAngleZ",
			"GroupId": "",
			"Name": "角度 Z"
		},
		{
			"Id": "ParamMouthForm",
			"GroupId": "ParamGroup9",
			"Name": "口　変形"
		},
		{
			"Id": "ParamMouthOpenY",
			"GroupId": "ParamGroup9",
			"Name": "口　開閉"
		},
		{
			"Id": "ParamSad",
			"GroupId": "ParamGroup9",
			"Name": "悲しい口"
		},
		{
			"Id": "ParamCatMouth",
			"GroupId": "ParamGroup9",
			"Name": "★猫口"
		},
		{
			"Id": "ParamM_V_X1",
			"GroupId": "ParamGroup9",
			"Name": "口X←"
		},
		{
			"Id": "ParamM_V_X2",
			"GroupId": "ParamGroup9",
			"Name": "口X→"
		},
		{
			"Id": "ParamMouthX",
			"GroupId": "ParamGroup9",
			"Name": "口x"
		},
		{
			"Id": "ParamMouthX2",
			"GroupId": "ParamGroup9",
			"Name": "口x2"
		},
		{
			"Id": "ParamEyePhysics",
			"GroupId": "ParamGroup",
			"Name": "目揺れ"
		},
		{
			"Id": "ParamEyePhysics2",
			"GroupId": "ParamGroup",
			"Name": "目揺れ2"
		},
		{
			"Id": "ParamEyeBallX",
			"GroupId": "ParamGroup",
			"Name": "目玉 X"
		},
		{
			"Id": "ParamEyeBallY",
			"GroupId": "ParamGroup",
			"Name": "目玉 Y"
		},
		{
			"Id": "ParamSmileEye",
			"GroupId": "ParamGroup",
			"Name": "笑顔目"
		},
		{
			"Id": "ParamContractionEye",
			"GroupId": "ParamGroup",
			"Name": "びっくり目"
		},
		{
			"Id": "ParamE_Type",
			"GroupId": "ParamGroup",
			"Name": "★目の種類"
		},
		{
			"Id": "ParamEyeLOpen",
			"GroupId": "ParamGroup",
			"Name": "左目　開閉"
		},
		{
			"Id": "ParamEyeROpen",
			"GroupId": "ParamGroup",
			"Name": "右目　開閉"
		},
		{
			"Id": "ParamBrowLForm",
			"GroupId": "ParamGroup2",
			"Name": "左眉　変形"
		},
		{
			"Id": "ParamBrowLY",
			"GroupId": "ParamGroup2",
			"Name": "左眉　上下"
		},
		{
			"Id": "ParamBrowAngry",
			"GroupId": "ParamGroup2",
			"Name": "怒り眉"
		},
		{
			"Id": "ParamB_Type",
			"GroupId": "ParamGroup2",
			"Name": "★眉の太さ"
		},
		{
			"Id": "ParamB_Type2",
			"GroupId": "ParamGroup2",
			"Name": "★眉の長さ"
		},
		{
			"Id": "ParamBrowRForm",
			"GroupId": "ParamGroup2",
			"Name": "右眉　変形"
		},
		{
			"Id": "ParamBrowRY",
			"GroupId": "ParamGroup2",
			"Name": "右眉　上下"
		},
		{
			"Id": "ParamFaceAngry",
			"GroupId": "ParamGroup7",
			"Name": "変顔＞＜"
		},
		{
			"Id": "ParamSweat",
			"GroupId": "ParamGroup7",
			"Name": "汗"
		},
		{
			"Id": "ParamTears",
			"GroupId": "ParamGroup7",
			"Name": "涙"
		},
		{
			"Id": "ParamKbEyeKirakira",
			"GroupId": "ParamGroup7",
			"Name": "キラキラ目"
		},
		{
			"Id": "ParamKbEyeGrgr",
			"GroupId": "ParamGroup7",
			"Name": "ぐるぐる目"
		},
		{
			"Id": "ParamBlackEyes",
			"GroupId": "ParamGroup7",
			"Name": "瞳孔"
		},
		{
			"Id": "ParamEyelashes",
			"GroupId": "ParamGroup7",
			"Name": "★まつ毛"
		},
		{
			"Id": "ParamNose",
			"GroupId": "ParamGroup7",
			"Name": "★鼻"
		},
		{
			"Id": "ParamHighlight1",
			"GroupId": "ParamGroup7",
			"Name": "★ハイライト大"
		},
		{
			"Id": "ParamHighlight2",
			"GroupId": "ParamGroup7",
			"Name": "★ハイライト小"
		},
		{
			"Id": "ParamHighlight3",
			"GroupId": "ParamGroup7",
			"Name": "★ハイライト下"
		},
		{
			"Id": "ParamFaceBlue",
			"GroupId": "ParamGroup7",
			"Name": "青ざめる"
		},
		{
			"Id": "ParamFaceRed",
			"GroupId": "ParamGroup7",
			"Name": "頬の赤み"
		},
		{
			"Id": "ParamBodyAngleZ",
			"GroupId": "ParamGroup5",
			"Name": "体の回転　Z"
		},
		{
			"Id": "ParamBodyAngleX2",
			"GroupId": "ParamGroup5",
			"Name": "〇体の回転　X"
		},
		{
			"Id": "ParamBodyAngleY2",
			"GroupId": "ParamGroup5",
			"Name": "〇体の回転　Y"
		},
		{
			"Id": "ParamBreath",
			"GroupId": "ParamGroup5",
			"Name": "呼吸"
		},
		{
			"Id": "ParamHalo",
			"GroupId": "ParamGroup10",
			"Name": "★光輪"
		},
		{
			"Id": "ParamHaloColor",
			"GroupId": "ParamGroup10",
			"Name": "★光輪の色"
		},
		{
			"Id": "ParamWing",
			"GroupId": "ParamGroup10",
			"Name": "★羽"
		},
		{
			"Id": "ParamWingColor",
			"GroupId": "ParamGroup10",
			"Name": "★羽の色"
		},
		{
			"Id": "ParamDarkMole",
			"GroupId": "ParamGroup10",
			"Name": "★ほくろ"
		},
		{
			"Id": "ParamHorns",
			"GroupId": "ParamGroup10",
			"Name": "★角"
		},
		{
			"Id": "ParamHorns3",
			"GroupId": "ParamGroup10",
			"Name": "★角の長さ"
		},
		{
			"Id": "ParamHorns2",
			"GroupId": "ParamGroup10",
			"Name": "★角の色"
		},
		{
			"Id": "ParamFang",
			"GroupId": "ParamGroup10",
			"Name": "★牙"
		},
		{
			"Id": "ParamEar",
			"GroupId": "ParamGroup10",
			"Name": "★耳"
		},
		{
			"Id": "ParamTail",
			"GroupId": "ParamGroup10",
			"Name": "★尻尾"
		},
		{
			"Id": "ParamTailColor",
			"GroupId": "ParamGroup10",
			"Name": "★尻尾の色"
		},
		{
			"Id": "ParamSkinColor",
			"GroupId": "ParamGroup10",
			"Name": "★肌色"
		},
		{
			"Id": "ParamEyeglass",
			"GroupId": "ParamGroup10",
			"Name": "★眼鏡"
		},
		{
			"Id": "ParamEyeglassColor",
			"GroupId": "ParamGroup10",
			"Name": "★眼鏡色"
		},
		{
			"Id": "ParamHChangeCowlick",
			"GroupId": "ParamGroup10",
			"Name": "★アホ毛"
		},
		{
			"Id": "ParamHChangeFront",
			"GroupId": "ParamGroup10",
			"Name": "★前髪"
		},
		{
			"Id": "ParamHChangeFront2",
			"GroupId": "ParamGroup10",
			"Name": "★前髪長さ"
		},
		{
			"Id": "ParamHChangeSide",
			"GroupId": "ParamGroup10",
			"Name": "★横髪"
		},
		{
			"Id": "ParamHChangeSide2",
			"GroupId": "ParamGroup10",
			"Name": "★横髪長さ"
		},
		{
			"Id": "ParamHChangeSide3",
			"GroupId": "ParamGroup10",
			"Name": "★横髪長さ2"
		},
		{
			"Id": "ParamHChangeB",
			"GroupId": "ParamGroup10",
			"Name": "★後ろ髪"
		},
		{
			"Id": "ParamHChangeBack2",
			"GroupId": "ParamGroup10",
			"Name": "★後ろ髪長さ"
		},
		{
			"Id": "ParamCostume",
			"GroupId": "ParamGroup6",
			"Name": "★衣装変更"
		},
		{
			"Id": "ParamCostumeColor",
			"GroupId": "ParamGroup6",
			"Name": "★服の裏地の色"
		},
		{
			"Id": "ParamCostumeColor3",
			"GroupId": "ParamGroup6",
			"Name": "★服の色"
		},
		{
			"Id": "ParamCostumeColor4",
			"GroupId": "ParamGroup6",
			"Name": "★紐の色"
		},
		{
			"Id": "ParamCostumeColor2",
			"GroupId": "ParamGroup6",
			"Name": "★靴下の色"
		},
		{
			"Id": "ParamMoH",
			"GroupId": "ParamGroup6",
			"Name": "腕をふる"
		},
		{
			"Id": "ParamMoH2",
			"GroupId": "ParamGroup6",
			"Name": "腕をあげる"
		},
		{
			"Id": "ParamMoH5",
			"GroupId": "ParamGroup6",
			"Name": "下腕非表示"
		},
		{
			"Id": "ParamMoH3",
			"GroupId": "ParamGroup6",
			"Name": "コントローラー"
		},
		{
			"Id": "ParamMoH4",
			"GroupId": "ParamGroup6",
			"Name": "★コントローラー色"
		},
		{
			"Id": "ParamLoopControllerL1",
			"GroupId": "ParamGroup8",
			"Name": "C指ループ左"
		},
		{
			"Id": "ParamLoopControllerL2",
			"GroupId": "ParamGroup8",
			"Name": "C指ループ左2"
		},
		{
			"Id": "ParamLoopControllerR1",
			"GroupId": "ParamGroup8",
			"Name": "C指ループ右"
		},
		{
			"Id": "ParamLoopControllerR2",
			"GroupId": "ParamGroup8",
			"Name": "C指ループ右2"
		},
		{
			"Id": "ParamLoopGrgrEye2",
			"GroupId": "ParamGroup8",
			"Name": "ぐるぐる目ループ"
		},
		{
			"Id": "ParamPhysicsXHandBY",
			"GroupId": "ParamGroup4",
			"Name": "手物理x-by"
		},
		{
			"Id": "ParamPhysicsX2HandBY",
			"GroupId": "ParamGroup4",
			"Name": "手物理x2-by"
		},
		{
			"Id": "ParamPhysicsXHand",
			"GroupId": "ParamGroup4",
			"Name": "手物理x"
		},
		{
			"Id": "ParamPhysicsX2Hand",
			"GroupId": "ParamGroup4",
			"Name": "手物理x2"
		},
		{
			"Id": "ParamPhysicsYHand",
			"GroupId": "ParamGroup4",
			"Name": "手物理y"
		},
		{
			"Id": "ParamPhysicsY2Hand2",
			"GroupId": "ParamGroup4",
			"Name": "手物理y2"
		},
		{
			"Id": "ParamEar_m",
			"GroupId": "ParamGroup4",
			"Name": "耳羽眉連動"
		},
		{
			"Id": "ParamPhysicsX",
			"GroupId": "ParamGroup4",
			"Name": "小物物理x"
		},
		{
			"Id": "ParamPhysicsX2",
			"GroupId": "ParamGroup4",
			"Name": "小物物理x2"
		},
		{
			"Id": "ParamPhysicsY",
			"GroupId": "ParamGroup4",
			"Name": "小物物理y"
		},
		{
			"Id": "ParamPhysicsY2",
			"GroupId": "ParamGroup4",
			"Name": "小物物理y2"
		},
		{
			"Id": "ParamPhysicsEarY",
			"GroupId": "ParamGroup4",
			"Name": "羽物理y"
		},
		{
			"Id": "ParamPhysicsEarY2",
			"GroupId": "ParamGroup4",
			"Name": "羽物理y2"
		},
		{
			"Id": "ParamPhysicsEarX",
			"GroupId": "ParamGroup4",
			"Name": "羽物理x"
		},
		{
			"Id": "ParamPhysicsEarX2",
			"GroupId": "ParamGroup4",
			"Name": "羽物理x2"
		},
		{
			"Id": "ParamHairFront3",
			"GroupId": "ParamGroup3",
			"Name": "髪揺れy"
		},
		{
			"Id": "ParamHairFront4",
			"GroupId": "ParamGroup3",
			"Name": "髪揺れy2"
		},
		{
			"Id": "ParamHairFront",
			"GroupId": "ParamGroup3",
			"Name": "髪揺れx"
		},
		{
			"Id": "ParamHairFront2",
			"GroupId": "ParamGroup3",
			"Name": "髪揺れx2"
		},
		{
			"Id": "Param5",
			"GroupId": "ParamGroup13",
			"Name": "尻尾揺れ5"
		},
		{
			"Id": "Param4",
			"GroupId": "ParamGroup13",
			"Name": "尻尾揺れ4"
		},
		{
			"Id": "Param3",
			"GroupId": "ParamGroup13",
			"Name": "尻尾揺れ3"
		},
		{
			"Id": "Param2",
			"GroupId": "ParamGroup13",
			"Name": "尻尾揺れ2"
		},
		{
			"Id": "Param",
			"GroupId": "ParamGroup13",
			"Name": "尻尾揺れ1"
		},
		{
			"Id": "ParamBodyAngley3",
			"GroupId": "ParamGroup11",
			"Name": "体のバウンドy"
		},
		{
			"Id": "ParamBodyAngleX",
			"GroupId": "ParamGroup11",
			"Name": "体の回転　X"
		},
		{
			"Id": "ParamBodyAngleY",
			"GroupId": "ParamGroup11",
			"Name": "体の回転　Y"
		}
	],
	"ParameterGroups": [
		{
			"Id": "ParamGroup9",
			"GroupId": "",
			"Name": "口"
		},
		{
			"Id": "ParamGroup",
			"GroupId": "",
			"Name": "目"
		},
		{
			"Id": "ParamGroup2",
			"GroupId": "",
			"Name": "眉"
		},
		{
			"Id": "ParamGroup7",
			"GroupId": "",
			"Name": "表情差分"
		},
		{
			"Id": "ParamGroup5",
			"GroupId": "",
			"Name": "体★"
		},
		{
			"Id": "ParamGroup10",
			"GroupId": "",
			"Name": "差分"
		},
		{
			"Id": "ParamGroup6",
			"GroupId": "",
			"Name": "腕の差分"
		},
		{
			"Id": "ParamGroup8",
			"GroupId": "",
			"Name": "ループ用"
		},
		{
			"Id": "ParamGroup4",
			"GroupId": "",
			"Name": "その他揺れ"
		},
		{
			"Id": "ParamGroup3",
			"GroupId": "",
			"Name": "髪揺れ"
		},
		{
			"Id": "ParamGroup13",
			"GroupId": "",
			"Name": "尻尾揺れ"
		},
		{
			"Id": "ParamGroup11",
			"GroupId": "",
			"Name": "体"
		}
	],
	"Parts": [
		{
			"Id": "Part151",
			"Name": "バイバイ"
		},
		{
			"Id": "Part121",
			"Name": "バイバイ"
		},
		{
			"Id": "Part124",
			"Name": "コントローラー"
		},
		{
			"Id": "Part136",
			"Name": "頭"
		},
		{
			"Id": "Part127",
			"Name": "体"
		},
		{
			"Id": "Part30",
			"Name": "後ろ髪/直"
		},
		{
			"Id": "Part29",
			"Name": "後ろ髪/直"
		},
		{
			"Id": "Part147",
			"Name": "後ろ髪"
		},
		{
			"Id": "Part144",
			"Name": "後ろ髪"
		},
		{
			"Id": "Part15",
			"Name": "後ろ髪/長"
		},
		{
			"Id": "Part26",
			"Name": "後ろ髪/長"
		},
		{
			"Id": "Part23",
			"Name": "光輪"
		},
		{
			"Id": "Part145",
			"Name": "尻尾"
		},
		{
			"Id": "Part41",
			"Name": "注意文"
		},
		{
			"Id": "PartSketch0",
			"Name": "[ 下絵 ]"
		},
		{
			"Id": "Part152",
			"Name": "by袖前"
		},
		{
			"Id": "Part153",
			"Name": "by袖奥"
		},
		{
			"Id": "Part122",
			"Name": "by袖前"
		},
		{
			"Id": "Part123",
			"Name": "by袖奥"
		},
		{
			"Id": "Part125",
			"Name": "c袖表"
		},
		{
			"Id": "Part106",
			"Name": "コントローラー手"
		},
		{
			"Id": "Part107",
			"Name": "コントローラー"
		},
		{
			"Id": "Part126",
			"Name": "c袖裏"
		},
		{
			"Id": "Part138",
			"Name": "前髪"
		},
		{
			"Id": "Part14",
			"Name": "角"
		},
		{
			"Id": "Part22",
			"Name": "熊耳"
		},
		{
			"Id": "Part8",
			"Name": "横髪上"
		},
		{
			"Id": "Part149",
			"Name": "ケモ耳"
		},
		{
			"Id": "Part143",
			"Name": "ケモ耳"
		},
		{
			"Id": "Part109",
			"Name": "眼鏡"
		},
		{
			"Id": "Part142",
			"Name": "横髪"
		},
		{
			"Id": "Part6",
			"Name": "顔の中身"
		},
		{
			"Id": "Part7",
			"Name": "悪魔羽"
		},
		{
			"Id": "Part93",
			"Name": "天使羽"
		},
		{
			"Id": "Part9",
			"Name": "パーカー襟表"
		},
		{
			"Id": "Part",
			"Name": "パーカー襟表"
		},
		{
			"Id": "Part132",
			"Name": "ジャケット"
		},
		{
			"Id": "Part128",
			"Name": "ジャケット"
		},
		{
			"Id": "Part129",
			"Name": "パーカー"
		},
		{
			"Id": "Part154",
			"Name": "下げた腕"
		},
		{
			"Id": "Part131",
			"Name": "下げた腕"
		},
		{
			"Id": "Part150",
			"Name": "足"
		},
		{
			"Id": "Part130",
			"Name": "足"
		},
		{
			"Id": "Part119",
			"Name": "首回り"
		},
		{
			"Id": "Part5",
			"Name": "アホ毛"
		},
		{
			"Id": "Part139",
			"Name": "中央分け"
		},
		{
			"Id": "Part140",
			"Name": "横分け"
		},
		{
			"Id": "Part141",
			"Name": "前髪通常"
		},
		{
			"Id": "Part12",
			"Name": "眼鏡中央"
		},
		{
			"Id": "Part148",
			"Name": "横髪"
		},
		{
			"Id": "Part137",
			"Name": "眉毛"
		},
		{
			"Id": "Part135",
			"Name": "目"
		},
		{
			"Id": "Part133",
			"Name": "目"
		},
		{
			"Id": "Part111",
			"Name": "口"
		},
		{
			"Id": "Part115",
			"Name": "エルフ耳"
		},
		{
			"Id": "Part13",
			"Name": "もみあげ"
		},
		{
			"Id": "Part116",
			"Name": "輪郭"
		},
		{
			"Id": "Part4",
			"Name": "パーツ43"
		},
		{
			"Id": "Part3",
			"Name": "パーツ42"
		},
		{
			"Id": "Part2",
			"Name": "パーツ41"
		},
		{
			"Id": "Part10",
			"Name": "目透け"
		},
		{
			"Id": "KB2",
			"Name": "KB"
		},
		{
			"Id": "Part146",
			"Name": "黒目系"
		},
		{
			"Id": "Part11",
			"Name": "目透け"
		},
		{
			"Id": "KB",
			"Name": "KB"
		},
		{
			"Id": "Part134",
			"Name": "黒目系"
		},
		{
			"Id": "kb",
			"Name": "kb"
		}
	],
	"CombinedParameters": [
		[
			"ParamAngleX",
			"ParamAngleY"
		],
		[
			"ParamMouthForm",
			"ParamMouthOpenY"
		],
		[
			"ParamEyeBallX",
			"ParamEyeBallY"
		]
	]
}